Compound_ID,SMILES
M001,Cc1ccccc1C(=O)O
M002,CN(C)C(=O)c1ccc(O)cc1
M003,CC(C)Cc1ccc(O)cc1
M004,COc1ccccc1C(=O)O
M005,Cc1ccccc1O
M006,Cc1ccc(C(=O)O)cc1
M007,Cc1ccc(O)c(C)c1
M008,CC(C)C(=O)Nc1ccc(O)cc1
M009,Cc1ccc(C(=O)N(C)C)cc1
M010,COc1ccc(C(=O)O)cc1
M011,CN1CCC(C(=O)O)CC1
M012,Cc1ccc(O)c(C(=O)O)c1
M013,CC(C)Oc1ccc(C(=O)O)cc1
M014,Cc1ccccc1C(=O)N(C)C
M015,COc1cc(C(=O)O)ccc1O
M016,Cc1ccc(C(=O)O)c(O)c1
M017,CN(C)C(=O)c1ccc(CO)cc1
M018,CC(C)Cc1ccc(C(=O)O)cc1
M019,Cc1ccc(C(=O)O)c(C)c1
M020,COc1ccc(C(=O)O)c(C)c1
